advisor_id;first_name;last_name;role;email
ad_04437;Marin;Rey;advisor;marin.rey@example.com
ad_07337;Fabien;Berger;advisor;fabien.berger@example.com
ad_12776;Berenice;Fleury;advisor;berenice.fleury@example.com
ad_20778;Maelys;Martin;advisor;maelys.martin@example.com
ad_24042;Evan;Petit;advisor;evan.petit@example.com
ad_29975;Axelle;Gaillard;advisor;axelle.gaillard@example.com
ad_31332;Nora;Martinez;advisor;nora.martinez@example.com
ad_36704;Nicolas;Lemoine;advisor;nicolas.lemoine@example.com
ad_37800;Diego;Clement;advisor;diego.clement@example.com
ad_40136;Theodore;Bertrand;advisor;theodore.bertrand@example.com
ad_42542;Leandre;Guillot;advisor;leandre.guillot@example.com
ad_46452;Giulia;Gautier;advisor;giulia.gautier@example.com
ad_50572;Antoine;Dubois;advisor;antoine.dubois@example.com
ad_51419;Augustin;Girard;advisor;augustin.girard@example.com
ad_57452;Alex;Le Gall;advisor;alex.legall@example.com
ad_65364;Anaelle;Dupuis;advisor;anaelle.dupuis@example.com
ad_65777;Margaux;Garcia;advisor;margaux.garcia@example.com
ad_69089;Lison;Roux;advisor;lison.roux@example.com
ad_70680;Hadrien;Bernard;advisor;hadrien.bernard@example.com
ad_70786;Clea;Lefevre;advisor;clea.lefevre@example.com
ad_72655;Robin;Da Silva;advisor;robin.dasilva@example.com
ad_84214;Leon;Philippe;advisor;leon.philippe@example.com
ad_85314;Maxime;Morel;advisor;maxime.morel@example.com
ad_87754;Sara;Guerin;advisor;sara.guerin@example.com
ad_93361;Remy;Robert;advisor;remy.robert@example.com
ad_93981;Matteo;Jean;advisor;matteo.jean@example.com
ad_97980;Lya;Bourgeois;advisor;lya.bourgeois@example.com
